measure,period,total_all_years,last_year,last_year_value,yoy_change_pct,3yr_rolling_avg
Direct: Drug,1990–2019,2669473.0,2019,128788.0,4.0,123892.66666666667
Direct: Alcohol,1990–2019,4829287.0,2019,168357.0,1.49,165757.0
Risk: Tobacco,1990–2019,232501093.0,2019,8729335.0,1.96,8567598.666666666
Risk: Drug,1990–2019,19257986.0,2019,846194.0,3.12,822998.3333333334
Risk: Alcohol,1990–2019,95708762.0,2019,3914936.0,1.98,3842311.6666666665
Direct Total (Drug + Alcohol),1990–2019,7498760.0,2019,297145.0,2.56,289649.6666666667
