Model,MAE,RMSE,MAPE (%),Winner
SARIMAX,7355.97256306685,9416.142051369095,2.5,✅
Prophet,12742.99836517591,13165.229957648771,4.38,
